<?xml version="1.0" encoding="UTF-8"?>
<root>

<!-- Reverent Cache -->

	<fusion_recipe>
		<card_id>8138</card_id>
		<resource card_id="8137" number="2"/>
	</fusion_recipe>
	<fusion_recipe>
		<card_id>8144</card_id>
		<resource card_id="8143" number="2"/>
	</fusion_recipe>
	
<!-- Jotun Raid -->

	<fusion_recipe>
		<card_id>10825</card_id>
		<resource card_id="10824" number="2"/>
	</fusion_recipe>	
	<fusion_recipe>
		<card_id>10831</card_id>
		<resource card_id="10830" number="2"/>
	</fusion_recipe>	
	<fusion_recipe>
		<card_id>10813</card_id>
		<resource card_id="5443" number="2"/>
	</fusion_recipe>	
	<fusion_recipe>
		<card_id>10837</card_id>
		<resource card_id="5130" number="2"/>
	</fusion_recipe>

<!-- Week 2 Dimensional Terror -->

	<fusion_recipe>
		<card_id>10759</card_id>
		<resource card_id="10758" number="2"/>
	</fusion_recipe>
	<fusion_recipe>
		<card_id>10765</card_id>
		<resource card_id="10764" number="2"/>
	</fusion_recipe>
	<fusion_recipe>
		<card_id>10741</card_id>
		<resource card_id="10740" number="2"/>
	</fusion_recipe>
	<fusion_recipe>
		<card_id>10747</card_id>
		<resource card_id="10746" number="2"/>
	</fusion_recipe>
	<fusion_recipe>
		<card_id>10777</card_id>
		<resource card_id="10776" number="2"/>
	</fusion_recipe>
	<fusion_recipe>
		<card_id>10783</card_id>
		<resource card_id="10782" number="2"/>
	</fusion_recipe>
	<fusion_recipe>
		<card_id>10705</card_id>
		<resource card_id="10704" number="2"/>
	</fusion_recipe>
	<fusion_recipe>
		<card_id>10711</card_id>
		<resource card_id="10710" number="2"/>
	</fusion_recipe>
	<fusion_recipe>
		<card_id>10723</card_id>
		<resource card_id="10722" number="2"/>
	</fusion_recipe>
	<fusion_recipe>
		<card_id>10729</card_id>
		<resource card_id="10728" number="2"/>
	</fusion_recipe>

<!-- Covert Cache -->
	
	<fusion_recipe>
		<card_id>10591</card_id>
		<resource card_id="10590" number="2"/>
	</fusion_recipe>
	<fusion_recipe>
		<card_id>10597</card_id>
		<resource card_id="10596" number="2"/>
	</fusion_recipe>

<!-- Charge Pack Fusion -->

	<fusion_recipe>
		<card_id>10573</card_id>
		<resource card_id="10572" number="2"/>
	</fusion_recipe>
	<fusion_recipe>
		<card_id>10579</card_id>
		<resource card_id="10578" number="2"/>
	</fusion_recipe>

<!-- Enclave Brawl -->
	
	<fusion_recipe>
		<card_id>10499</card_id>
		<resource card_id="10498" number="2"/>
	</fusion_recipe>
	<fusion_recipe>
		<card_id>10505</card_id>
		<resource card_id="10504" number="2"/>
	</fusion_recipe>
	<fusion_recipe>
		<card_id>10561</card_id>
		<resource card_id="7664" number="2"/>
	</fusion_recipe>

<!-- Breach Box -->

	<fusion_recipe>
		<card_id>10427</card_id>
		<resource card_id="10426" number="2"/>
	</fusion_recipe>
	<fusion_recipe>
		<card_id>10433</card_id>
		<resource card_id="10432" number="2"/>
	</fusion_recipe>
	<fusion_recipe>
		<card_id>8120</card_id>
		<resource card_id="8119" number="2"/>
	</fusion_recipe>
	<fusion_recipe>
		<card_id>8126</card_id>
		<resource card_id="8125" number="2"/>
	</fusion_recipe>
	<fusion_recipe>
		<card_id>10445</card_id>
		<resource card_id="10444" number="2"/>
	</fusion_recipe>
	<fusion_recipe>
		<card_id>10451</card_id>
		<resource card_id="10450" number="2"/>
	</fusion_recipe>
	<fusion_recipe>
		<card_id>10463</card_id>
		<resource card_id="10462" number="2"/>
	</fusion_recipe>
	<fusion_recipe>
		<card_id>10469</card_id>
		<resource card_id="10468" number="2"/>
	</fusion_recipe>
	<fusion_recipe>
		<card_id>10481</card_id>
		<resource card_id="10480" number="2"/>
	</fusion_recipe>
	<fusion_recipe>
		<card_id>10487</card_id>
		<resource card_id="10486" number="2"/>
	</fusion_recipe>
	<fusion_recipe>
		<card_id>10409</card_id>
		<resource card_id="10408" number="2"/>
	</fusion_recipe>

<!-- Metamorphosis War -->

	<fusion_recipe>
		<card_id>10325</card_id>
		<resource card_id="10324" number="2"/>
	</fusion_recipe>

	<fusion_recipe>
		<card_id>10391</card_id>
		<resource card_id="10390" number="2"/>
	</fusion_recipe>
	<fusion_recipe>
		<card_id>10397</card_id>
		<resource card_id="10396" number="2"/>
	</fusion_recipe>
	<fusion_recipe>
		<card_id>10337</card_id>
		<resource card_id="10336" number="2"/>
	</fusion_recipe>
	<fusion_recipe>
		<card_id>10343</card_id>
		<resource card_id="10342" number="2"/>
	</fusion_recipe>
	<fusion_recipe>
		<card_id>10355</card_id>
		<resource card_id="10354" number="2"/>
	</fusion_recipe>
	<fusion_recipe>
		<card_id>10361</card_id>
		<resource card_id="10360" number="2"/>
	</fusion_recipe>
	<fusion_recipe>
		<card_id>10373</card_id>
		<resource card_id="10372" number="2"/>
	</fusion_recipe>
	<fusion_recipe>
		<card_id>10379</card_id>
		<resource card_id="10378" number="2"/>
	</fusion_recipe>
	<fusion_recipe>
		<card_id>8102</card_id>
		<resource card_id="8101" number="2"/>
	</fusion_recipe>
	<fusion_recipe>
		<card_id>8108</card_id>
		<resource card_id="8107" number="2"/>
	</fusion_recipe>

<!-- August Base Set Fusions -->

	<fusion_recipe>
		<card_id>10259</card_id>
		<resource card_id="31" number="1"/>
		<resource card_id="6750" number="1"/>
		<resource card_id="2053" number="1"/>
	</fusion_recipe>
	<fusion_recipe>
		<card_id>10265</card_id>
		<resource card_id="10264" number="2"/>
	</fusion_recipe>
	<fusion_recipe>
		<card_id>10271</card_id>
		<resource card_id="64" number="1"/>
		<resource card_id="6768" number="1"/>
		<resource card_id="2047" number="1"/>
	</fusion_recipe>
	<fusion_recipe>
		<card_id>10277</card_id>
		<resource card_id="10276" number="2"/>
	</fusion_recipe>
	<fusion_recipe>
		<card_id>10283</card_id>
		<resource card_id="97" number="1"/>
		<resource card_id="6786" number="1"/>
		<resource card_id="2073" number="1"/>
	</fusion_recipe>
	<fusion_recipe>
		<card_id>10289</card_id>
		<resource card_id="10288" number="2"/>
	</fusion_recipe>
	<fusion_recipe>
		<card_id>10295</card_id>
		<resource card_id="130" number="1"/>
		<resource card_id="6804" number="1"/>
		<resource card_id="2109" number="1"/>
	</fusion_recipe>
	<fusion_recipe>
		<card_id>10301</card_id>
		<resource card_id="10300" number="2"/>
	</fusion_recipe>
	<fusion_recipe>
		<card_id>10307</card_id>
		<resource card_id="163" number="1"/>
		<resource card_id="6822" number="1"/>
		<resource card_id="2067" number="1"/>
	</fusion_recipe>
	<fusion_recipe>
		<card_id>10313</card_id>
		<resource card_id="10312" number="2"/>
	</fusion_recipe>

<!-- Relief Pack -->

	<fusion_recipe>
		<card_id>10247</card_id>
		<resource card_id="10246" number="2"/>
	</fusion_recipe>
	<fusion_recipe>
		<card_id>10253</card_id>
		<resource card_id="10252" number="2"/>
	</fusion_recipe>

<!-- Salvo Box -->

	<fusion_recipe>
		<card_id>10139</card_id>
		<resource card_id="10138" number="2"/>
	</fusion_recipe>
	<fusion_recipe>
		<card_id>10145</card_id>
		<resource card_id="10144" number="2"/>
	</fusion_recipe>
	<fusion_recipe>
		<card_id>10175</card_id>
		<resource card_id="10174" number="2"/>
	</fusion_recipe>
	<fusion_recipe>
		<card_id>10181</card_id>
		<resource card_id="10180" number="2"/>
	</fusion_recipe>
	<fusion_recipe>
		<card_id>10229</card_id>
		<resource card_id="10228" number="2"/>
	</fusion_recipe>
	<fusion_recipe>
		<card_id>10235</card_id>
		<resource card_id="10234" number="2"/>
	</fusion_recipe>
	<fusion_recipe>
		<card_id>10193</card_id>
		<resource card_id="10192" number="2"/>
	</fusion_recipe>
	<fusion_recipe>
		<card_id>10199</card_id>
		<resource card_id="10198" number="2"/>
	</fusion_recipe>
	<fusion_recipe>
		<card_id>10211</card_id>
		<resource card_id="10210" number="2"/>
	</fusion_recipe>
	<fusion_recipe>
		<card_id>10217</card_id>
		<resource card_id="10216" number="2"/>
	</fusion_recipe>
	<fusion_recipe>
		<card_id>10157</card_id>
		<resource card_id="10156" number="2"/>
	</fusion_recipe>
	<fusion_recipe>
		<card_id>10163</card_id>
		<resource card_id="10162" number="2"/>
	</fusion_recipe>
	<fusion_recipe>
		<card_id>8084</card_id>
		<resource card_id="8083" number="2"/>
	</fusion_recipe>
	<fusion_recipe>
		<card_id>8090</card_id>
		<resource card_id="8089" number="2"/>
	</fusion_recipe>

<!-- Apocalypse Raid -->

	<fusion_recipe>
		<card_id>10121</card_id>
		<resource card_id="10120" number="2"/>
	</fusion_recipe>
	<fusion_recipe>
		<card_id>10127</card_id>
		<resource card_id="10126" number="2"/>
	</fusion_recipe>
	<fusion_recipe>
		<card_id>10103</card_id>
		<resource card_id="5859" number="2"/>
	</fusion_recipe>
	<fusion_recipe>
		<card_id>10109</card_id>
		<resource card_id="5419" number="2"/>
	</fusion_recipe>

<!-- Alpha Rebirth week 3 -->

	<fusion_recipe>
		<card_id>10019</card_id>
		<resource card_id="10018" number="2"/>
	</fusion_recipe>
	<fusion_recipe>
		<card_id>10025</card_id>
		<resource card_id="10024" number="2"/>
	</fusion_recipe>
	<fusion_recipe>
		<card_id>10037</card_id>
		<resource card_id="10036" number="2"/>
	</fusion_recipe>
	<fusion_recipe>
		<card_id>10043</card_id>
		<resource card_id="10042" number="2"/>
	</fusion_recipe>
	<fusion_recipe>
		<card_id>10055</card_id>
		<resource card_id="10054" number="2"/>
	</fusion_recipe>
	<fusion_recipe>
		<card_id>10061</card_id>
		<resource card_id="10060" number="2"/>
	</fusion_recipe>
	<fusion_recipe>
		<card_id>10073</card_id>
		<resource card_id="10072" number="2"/>
	</fusion_recipe>
	<fusion_recipe>
		<card_id>10079</card_id>
		<resource card_id="10078" number="2"/>
	</fusion_recipe>
	<fusion_recipe>
		<card_id>10091</card_id>
		<resource card_id="10090" number="2"/>
	</fusion_recipe>
	<fusion_recipe>
		<card_id>10097</card_id>
		<resource card_id="10096" number="2"/>
	</fusion_recipe>
	<fusion_recipe>
		<card_id>10007</card_id>
		<resource card_id="10006" number="2"/>
	</fusion_recipe>

<!-- Autocracy Cache -->

	<fusion_recipe>
		<card_id>5656</card_id>
		<resource card_id="5142" number="2"/>
	</fusion_recipe>
	<fusion_recipe>
		<card_id>7893</card_id>
		<resource card_id="6050" number="2"/>
	</fusion_recipe>

<!-- Mutant Fusion -->

	<fusion_recipe>
		<card_id>296</card_id>
		<resource card_id="6408" number="2"/>
	</fusion_recipe>

<!-- Thrash Brawl -->

	<fusion_recipe>
		<card_id>284</card_id>
		<resource card_id="966" number="2"/>
	</fusion_recipe>
	<fusion_recipe>
		<card_id>8072</card_id>
		<resource card_id="2525" number="2"/>
	</fusion_recipe>
	<fusion_recipe>
		<card_id>290</card_id>
		<resource card_id="5172" number="2"/>
	</fusion_recipe>

<!-- Alpha Rebirth week 2 -->
	<fusion_recipe>
		<card_id>7965</card_id>
		<resource card_id="7964" number="2"/>
	</fusion_recipe>
	<fusion_recipe>
		<card_id>7971</card_id>
		<resource card_id="7970" number="2"/>
	</fusion_recipe>
	<fusion_recipe>
		<card_id>7947</card_id>
		<resource card_id="7946" number="2"/>
	</fusion_recipe>
	<fusion_recipe>
		<card_id>7953</card_id>
		<resource card_id="7952" number="2"/>
	</fusion_recipe>
	<fusion_recipe>
		<card_id>272</card_id>
		<resource card_id="271" number="2"/>
	</fusion_recipe>
	<fusion_recipe>
		<card_id>278</card_id>
		<resource card_id="277" number="2"/>
	</fusion_recipe>
	<fusion_recipe>
		<card_id>8060</card_id>
		<resource card_id="8059" number="2"/>
	</fusion_recipe>
	<fusion_recipe>
		<card_id>8066</card_id>
		<resource card_id="8065" number="2"/>
	</fusion_recipe>
	<fusion_recipe>
		<card_id>7983</card_id>
		<resource card_id="7982" number="2"/>
	</fusion_recipe>
	<fusion_recipe>
		<card_id>7989</card_id>
		<resource card_id="7988" number="2"/>
	</fusion_recipe>
	<fusion_recipe>
		<card_id>260</card_id>
		<resource card_id="984" number="2"/>
	</fusion_recipe>

<!-- Celestial Cache -->

	<fusion_recipe>
		<card_id>7911</card_id>
		<resource card_id="7910" number="2"/>
	</fusion_recipe>
	<fusion_recipe>
		<card_id>7917</card_id>
		<resource card_id="7916" number="2"/>
	</fusion_recipe>
	
<!-- Global Pack -->

	<fusion_recipe>
		<card_id>7929</card_id>
		<resource card_id="7928" number="2"/>
	</fusion_recipe>
	<fusion_recipe>
		<card_id>7935</card_id>
		<resource card_id="7934" number="2"/>
	</fusion_recipe>

<!-- Alpha Rebirth week 1 -->

	<fusion_recipe>
		<card_id>7881</card_id>
		<resource card_id="7880" number="2"/>
	</fusion_recipe>
	<fusion_recipe>
		<card_id>7887</card_id>
		<resource card_id="7886" number="2"/>
	</fusion_recipe>
	<fusion_recipe>
		<card_id>7845</card_id>
		<resource card_id="7844" number="2"/>
	</fusion_recipe>
	<fusion_recipe>
		<card_id>7851</card_id>
		<resource card_id="7850" number="2"/>
	</fusion_recipe>
	<fusion_recipe>
		<card_id>7863</card_id>
		<resource card_id="7862" number="2"/>
	</fusion_recipe>
	<fusion_recipe>
		<card_id>7869</card_id>
		<resource card_id="7868" number="2"/>
	</fusion_recipe>
	<fusion_recipe>
		<card_id>7809</card_id>
		<resource card_id="7808" number="2"/>
	</fusion_recipe>
	<fusion_recipe>
		<card_id>7815</card_id>
		<resource card_id="7814" number="2"/>
	</fusion_recipe>
	<fusion_recipe>
		<card_id>7827</card_id>
		<resource card_id="7826" number="2"/>
	</fusion_recipe>
	<fusion_recipe>
		<card_id>7833</card_id>
		<resource card_id="7832" number="2"/>
	</fusion_recipe>
	<fusion_recipe>
		<card_id>7797</card_id>
		<resource card_id="7796" number="2"/>
	</fusion_recipe>

<!-- Precursor Box -->

	<fusion_recipe>
		<card_id>7779</card_id>
		<resource card_id="7778" number="2"/>
	</fusion_recipe>
	<fusion_recipe>
		<card_id>7785</card_id>
		<resource card_id="7784" number="2"/>
	</fusion_recipe>
	<fusion_recipe>
		<card_id>7761</card_id>
		<resource card_id="7760" number="2"/>
	</fusion_recipe>
	<fusion_recipe>
		<card_id>7767</card_id>
		<resource card_id="7766" number="2"/>
	</fusion_recipe>

<!-- Guild War Rewards and Box -->

	<fusion_recipe>
		<card_id>7665</card_id>
		<resource card_id="5196" number="2"/>
	</fusion_recipe>
	<fusion_recipe>
		<card_id>7659</card_id>
		<resource card_id="7658" number="2"/>
	</fusion_recipe>
	<fusion_recipe>
		<card_id>7671</card_id>
		<resource card_id="5508" number="2"/>
	</fusion_recipe>
	
	<fusion_recipe>
		<card_id>7587</card_id>
		<resource card_id="7586" number="2"/>
	</fusion_recipe>
	<fusion_recipe>
		<card_id>7593</card_id>
		<resource card_id="7592" number="2"/>
	</fusion_recipe>
	<fusion_recipe>
		<card_id>7605</card_id>
		<resource card_id="7604" number="2"/>
	</fusion_recipe>
	<fusion_recipe>
		<card_id>7611</card_id>
		<resource card_id="7610" number="2"/>
	</fusion_recipe>
	<fusion_recipe>
		<card_id>7641</card_id>
		<resource card_id="7640" number="2"/>
	</fusion_recipe>
	<fusion_recipe>
		<card_id>7647</card_id>
		<resource card_id="7646" number="2"/>
	</fusion_recipe>
	<fusion_recipe>
		<card_id>7623</card_id>
		<resource card_id="7622" number="2"/>
	</fusion_recipe>
	<fusion_recipe>
		<card_id>7629</card_id>
		<resource card_id="7628" number="2"/>
	</fusion_recipe>
	<fusion_recipe>
		<card_id>8042</card_id>
		<resource card_id="8041" number="2"/>
	</fusion_recipe>
	<fusion_recipe>
		<card_id>8048</card_id>
		<resource card_id="8047" number="2"/>
	</fusion_recipe>

<!-- Pillage Cache -->

	<fusion_recipe>
		<card_id>7683</card_id>
		<resource card_id="7682" number="2"/>
	</fusion_recipe>	
	<fusion_recipe>
		<card_id>7689</card_id>
		<resource card_id="7688" number="2"/>
	</fusion_recipe>

<!-- Demonic Pack -->

	<fusion_recipe>
		<card_id>7569</card_id>
		<resource card_id="7568" number="2"/>
	</fusion_recipe>
	<fusion_recipe>
		<card_id>7575</card_id>
		<resource card_id="7574" number="2"/>
	</fusion_recipe>

<!-- Annex Box + Misison Reward -->

    <fusion_recipe>
        <card_id>7521</card_id>
        <resource card_id="7520" number="2"/>
    </fusion_recipe>
    <fusion_recipe>
        <card_id>7527</card_id>
        <resource card_id="7526" number="2"/>
    </fusion_recipe>
    <fusion_recipe>
        <card_id>7539</card_id>
        <resource card_id="7538" number="2"/>
    </fusion_recipe>
    <fusion_recipe>
        <card_id>7545</card_id>
        <resource card_id="7544" number="2"/>
    </fusion_recipe>
    <fusion_recipe>
        <card_id>7503</card_id>
        <resource card_id="7502" number="2"/>
    </fusion_recipe>
    <fusion_recipe>
        <card_id>7509</card_id>
        <resource card_id="7508" number="2"/>
    </fusion_recipe>
	<fusion_recipe>
        <card_id>7485</card_id>
        <resource card_id="7484" number="2"/>
    </fusion_recipe>
    <fusion_recipe>
        <card_id>7491</card_id>
        <resource card_id="7490" number="2"/>
    </fusion_recipe>
    <fusion_recipe>
        <card_id>8024</card_id>
        <resource card_id="8023" number="2"/>
    </fusion_recipe>
    <fusion_recipe>
        <card_id>8030</card_id>
        <resource card_id="8029" number="2"/>
    </fusion_recipe>

	<fusion_recipe>
        <card_id>7557</card_id>
        <resource card_id="7556" number="2"/>
    </fusion_recipe>

<!-- Frenzy Brawl -->

	<fusion_recipe>
		<card_id>7467</card_id>
		<resource card_id="5085" number="2"/>
	</fusion_recipe>

<!-- Bounty Box -->

    <fusion_recipe>
        <card_id>7371</card_id>
        <resource card_id="7370" number="2"/>
    </fusion_recipe>
    <fusion_recipe>
        <card_id>7377</card_id>
        <resource card_id="7376" number="2"/>
    </fusion_recipe>
	<fusion_recipe>
        <card_id>7455</card_id>
        <resource card_id="4957" number="2"/>
    </fusion_recipe>
	<fusion_recipe>
        <card_id>7353</card_id>
        <resource card_id="7352" number="2"/>
    </fusion_recipe>
    <fusion_recipe>
        <card_id>7359</card_id>
        <resource card_id="7358" number="2"/>
    </fusion_recipe>
    <fusion_recipe>
        <card_id>7389</card_id>
        <resource card_id="7388" number="2"/>
    </fusion_recipe>
    <fusion_recipe>
        <card_id>7395</card_id>
        <resource card_id="7394" number="2"/>
    </fusion_recipe>
    <fusion_recipe>
        <card_id>7407</card_id>
        <resource card_id="7406" number="2"/>
    </fusion_recipe>
    <fusion_recipe>
        <card_id>7413</card_id>
        <resource card_id="7412" number="2"/>
    </fusion_recipe>
    <fusion_recipe>
        <card_id>7425</card_id>
        <resource card_id="7424" number="2"/>
    </fusion_recipe>
    <fusion_recipe>
        <card_id>7431</card_id>
        <resource card_id="7430" number="2"/>
    </fusion_recipe>
    <fusion_recipe>
		<card_id>7461</card_id>
		<resource card_id="884" number="2"/>
	</fusion_recipe>
	

<!-- Animus Pack -->

	<fusion_recipe>
		<card_id>7443</card_id>
		<resource card_id="7442" number="2"/>
	</fusion_recipe>
	<fusion_recipe>
		<card_id>7449</card_id>
		<resource card_id="7448" number="2"/>
	</fusion_recipe>

<!-- Blood Brawl -->

	<fusion_recipe>
		<card_id>7251</card_id>
		<resource card_id="7250" number="2"/>
	</fusion_recipe>
	<fusion_recipe>
		<card_id>7257</card_id>
		<resource card_id="7256" number="2"/>
	</fusion_recipe>
	<fusion_recipe>
		<card_id>4400</card_id>
		<resource card_id="4399" number="2"/>
	</fusion_recipe>
	<fusion_recipe>
		<card_id>7233</card_id>
		<resource card_id="4405" number="2"/>
	</fusion_recipe>
	<fusion_recipe>
		<card_id>7155</card_id>
		<resource card_id="7154" number="2"/>
	</fusion_recipe>
	<fusion_recipe>
		<card_id>7239</card_id>
		<resource card_id="7160" number="2"/>
	</fusion_recipe>
	
	<!-- Onslaught Box + Mission Reward -->
	
	<fusion_recipe>
        <card_id>7287</card_id>
        <resource card_id="7286" number="2"/>
    </fusion_recipe>
    <fusion_recipe>
        <card_id>7293</card_id>
        <resource card_id="7292" number="2"/>
    </fusion_recipe>
    <fusion_recipe>
        <card_id>8006</card_id>
        <resource card_id="8005" number="2"/>
    </fusion_recipe>
    <fusion_recipe>
        <card_id>8012</card_id>
        <resource card_id="8011" number="2"/>
    </fusion_recipe>
    <fusion_recipe>
        <card_id>7269</card_id>
        <resource card_id="7268" number="2"/>
    </fusion_recipe>
    <fusion_recipe>
        <card_id>7275</card_id>
        <resource card_id="7274" number="2"/>
    </fusion_recipe>
    <fusion_recipe>
        <card_id>7305</card_id>
        <resource card_id="7304" number="2"/>
    </fusion_recipe>
    <fusion_recipe>
        <card_id>7311</card_id>
        <resource card_id="7310" number="2"/>
    </fusion_recipe>
    <fusion_recipe>
        <card_id>7323</card_id>
        <resource card_id="7322" number="2"/>
    </fusion_recipe>
    <fusion_recipe>
        <card_id>7329</card_id>
        <resource card_id="7328" number="2"/>
    </fusion_recipe>
    <fusion_recipe>
        <card_id>7335</card_id>
        <resource card_id="4289" number="2"/>
    </fusion_recipe>

<!-- Rebel Cache -->

	<fusion_recipe>
		<card_id>7203</card_id>
		<resource card_id="7202" number="2"/>
	</fusion_recipe>
	<fusion_recipe>
		<card_id>7209</card_id>
		<resource card_id="7208" number="2"/>
	</fusion_recipe>
	<fusion_recipe>
		<card_id>7221</card_id>
		<resource card_id="7220" number="2"/>
	</fusion_recipe>
	<fusion_recipe>
		<card_id>7227</card_id>
		<resource card_id="7226" number="2"/>
	</fusion_recipe>

<!-- Typhon's Downfall Rewards -->

	<fusion_recipe>
		<card_id>7137</card_id>
		<resource card_id="5520" number="2"/>
	</fusion_recipe>
	<fusion_recipe>
		<card_id>7143</card_id>
		<resource card_id="4811" number="2"/>
	</fusion_recipe>
	
<!-- Typhon's Downfall Boxes -->

	<fusion_recipe>
		<card_id>6987</card_id>
		<resource card_id="6986" number="2"/>
	</fusion_recipe>
	<fusion_recipe>
		<card_id>6993</card_id>
		<resource card_id="6992" number="2"/>
	</fusion_recipe>
	<fusion_recipe>
		<card_id>7023</card_id>
		<resource card_id="7022" number="2"/>
	</fusion_recipe>
	<fusion_recipe>
		<card_id>7029</card_id>
		<resource card_id="7028" number="2"/>
	</fusion_recipe>
	<fusion_recipe>
		<card_id>7167</card_id>
		<resource card_id="7166" number="2"/>
	</fusion_recipe>
	<fusion_recipe>
		<card_id>7173</card_id>
		<resource card_id="7172" number="2"/>
	</fusion_recipe>
	<fusion_recipe>
		<card_id>7185</card_id>
		<resource card_id="7184" number="2"/>
	</fusion_recipe>
	<fusion_recipe>
		<card_id>7191</card_id>
		<resource card_id="7190" number="2"/>
	</fusion_recipe>
	<fusion_recipe>
		<card_id>7005</card_id>
		<resource card_id="7004" number="2"/>
	</fusion_recipe>
	<fusion_recipe>
		<card_id>7011</card_id>
		<resource card_id="7010" number="2"/>
	</fusion_recipe>
	<fusion_recipe>
		<card_id>7059</card_id>
		<resource card_id="7058" number="2"/>
	</fusion_recipe>
	<fusion_recipe>
		<card_id>7065</card_id>
		<resource card_id="7064" number="2"/>
	</fusion_recipe>
	<fusion_recipe>
		<card_id>7077</card_id>
		<resource card_id="7076" number="2"/>
	</fusion_recipe>
	<fusion_recipe>
		<card_id>7083</card_id>
		<resource card_id="7082" number="2"/>
	</fusion_recipe>
	<fusion_recipe>
		<card_id>7095</card_id>
		<resource card_id="7094" number="2"/>
	</fusion_recipe>
	<fusion_recipe>
		<card_id>7101</card_id>
		<resource card_id="7100" number="2"/>
	</fusion_recipe>
	<fusion_recipe>
		<card_id>6969</card_id>
		<resource card_id="6968" number="2"/>
	</fusion_recipe>
	<fusion_recipe>
		<card_id>6975</card_id>
		<resource card_id="6974" number="2"/>
	</fusion_recipe>
	<fusion_recipe>
		<card_id>7041</card_id>
		<resource card_id="7040" number="2"/>
	</fusion_recipe>
	<fusion_recipe>
		<card_id>7047</card_id>
		<resource card_id="7046" number="2"/>
	</fusion_recipe>
	<fusion_recipe>
		<card_id>2685</card_id>
		<resource card_id="2684" number="2"/>
	</fusion_recipe>
	<fusion_recipe>
		<card_id>2691</card_id>
		<resource card_id="2690" number="2"/>
	</fusion_recipe>
	<fusion_recipe>
		<card_id>7113</card_id>
		<resource card_id="7112" number="2"/>
	</fusion_recipe>
	<fusion_recipe>
		<card_id>7119</card_id>
		<resource card_id="7118" number="2"/>
	</fusion_recipe>

<!-- Conquer Box -->

	<fusion_recipe>
		<card_id>6939</card_id>
		<resource card_id="6938" number="2"/>
	</fusion_recipe>
	<fusion_recipe>
		<card_id>6945</card_id>
		<resource card_id="6944" number="2"/>
	</fusion_recipe>
	<fusion_recipe>
		<card_id>6841</card_id>
		<resource card_id="6840" number="2"/>
	</fusion_recipe>
	<fusion_recipe>
		<card_id>6847</card_id>
		<resource card_id="6846" number="2"/>
	</fusion_recipe>
	<fusion_recipe>
		<card_id>6903</card_id>
		<resource card_id="6902" number="2"/>
	</fusion_recipe>
	<fusion_recipe>
		<card_id>6909</card_id>
		<resource card_id="6908" number="2"/>
	</fusion_recipe>
	<fusion_recipe>
		<card_id>6863</card_id>
		<resource card_id="6862" number="2"/>
	</fusion_recipe>
	<fusion_recipe>
		<card_id>6869</card_id>
		<resource card_id="6868" number="2"/>
	</fusion_recipe>
	<fusion_recipe>
		<card_id>6881</card_id>
		<resource card_id="6880" number="2"/>
	</fusion_recipe>
	<fusion_recipe>
		<card_id>6887</card_id>
		<resource card_id="6886" number="2"/>
	</fusion_recipe>
	<fusion_recipe>
		<card_id>6921</card_id>
		<resource card_id="6920" number="2"/>
	</fusion_recipe>
	<fusion_recipe>
		<card_id>6927</card_id>
		<resource card_id="6926" number="2"/>
	</fusion_recipe>
	<fusion_recipe>
		<card_id>6957</card_id>
		<resource card_id="6956" number="2"/>
	</fusion_recipe>

<!-- New Base Set Epics -->

	<fusion_recipe>
		<card_id>6751</card_id>
		<resource card_id="6750" number="2"/>
	</fusion_recipe>
	<fusion_recipe>
		<card_id>6757</card_id>
		<resource card_id="6756" number="2"/>
	</fusion_recipe>
	<fusion_recipe>
		<card_id>6769</card_id>
		<resource card_id="6768" number="2"/>
	</fusion_recipe>
	<fusion_recipe>
		<card_id>6775</card_id>
		<resource card_id="6774" number="2"/>
	</fusion_recipe>
	<fusion_recipe>
		<card_id>6787</card_id>
		<resource card_id="6786" number="2"/>
	</fusion_recipe>
	<fusion_recipe>
		<card_id>6793</card_id>
		<resource card_id="6792" number="2"/>
	</fusion_recipe>
	<fusion_recipe>
		<card_id>6805</card_id>
		<resource card_id="6804" number="2"/>
	</fusion_recipe>
	<fusion_recipe>
		<card_id>6811</card_id>
		<resource card_id="6810" number="2"/>
	</fusion_recipe>
	<fusion_recipe>
		<card_id>6823</card_id>
		<resource card_id="6822" number="2"/>
	</fusion_recipe>
	<fusion_recipe>
		<card_id>6829</card_id>
		<resource card_id="6828" number="2"/>
	</fusion_recipe>

<!-- Reserves Box -->

    <fusion_recipe>
        <card_id>6717</card_id>
        <resource card_id="6716" number="2"/>
    </fusion_recipe>
    <fusion_recipe>
        <card_id>6723</card_id>
        <resource card_id="6722" number="2"/>
    </fusion_recipe>
    <fusion_recipe>
        <card_id>6677</card_id>
        <resource card_id="6676" number="2"/>
    </fusion_recipe>
    <fusion_recipe>
        <card_id>6683</card_id>
        <resource card_id="6682" number="2"/>
    </fusion_recipe>
    <fusion_recipe>
        <card_id>6699</card_id>
        <resource card_id="6698" number="2"/>
    </fusion_recipe>
    <fusion_recipe>
        <card_id>6705</card_id>
        <resource card_id="6704" number="2"/>
    </fusion_recipe>
    <fusion_recipe>
        <card_id>6659</card_id>
        <resource card_id="6658" number="2"/>
    </fusion_recipe>
    <fusion_recipe>
        <card_id>6665</card_id>
        <resource card_id="6664" number="2"/>
    </fusion_recipe>
    <fusion_recipe>
        <card_id>6733</card_id>
        <resource card_id="5160" number="2"/>
    </fusion_recipe>

<!-- Invasion Box -->

    <fusion_recipe>
        <card_id>6537</card_id>
        <resource card_id="6536" number="2"/>
    </fusion_recipe>
    <fusion_recipe>
        <card_id>6543</card_id>
        <resource card_id="6542" number="2"/>
    </fusion_recipe>
    <fusion_recipe>
        <card_id>2667</card_id>
        <resource card_id="2666" number="2"/>
    </fusion_recipe>
    <fusion_recipe>
        <card_id>2673</card_id>
        <resource card_id="2672" number="2"/>
    </fusion_recipe>
    <fusion_recipe>
        <card_id>6603</card_id>
        <resource card_id="6602" number="2"/>
    </fusion_recipe>
    <fusion_recipe>
        <card_id>6609</card_id>
        <resource card_id="6608" number="2"/>
    </fusion_recipe>
    <fusion_recipe>
        <card_id>6567</card_id>
        <resource card_id="6566" number="2"/>
    </fusion_recipe>
    <fusion_recipe>
        <card_id>6573</card_id>
        <resource card_id="6572" number="2"/>
    </fusion_recipe>
    <fusion_recipe>
        <card_id>6585</card_id>
        <resource card_id="6584" number="2"/>
    </fusion_recipe>
    <fusion_recipe>
        <card_id>6591</card_id>
        <resource card_id="6590" number="2"/>
    </fusion_recipe>
    <fusion_recipe>
        <card_id>6553</card_id>
        <resource card_id="6552" number="2"/>
    </fusion_recipe>
    <fusion_recipe>
        <card_id>6557</card_id>
        <resource card_id="6556" number="2"/>
    </fusion_recipe>
    <fusion_recipe>
        <card_id>6621</card_id>
        <resource card_id="5847" number="2"/>
    </fusion_recipe>
    <fusion_recipe>
        <card_id>6625</card_id>
        <resource card_id="6624" number="2"/>
    </fusion_recipe>
    <fusion_recipe>
        <card_id>6629</card_id>
        <resource card_id="553" number="2"/>
    </fusion_recipe>
    <fusion_recipe>
        <card_id>6633</card_id>
        <resource card_id="6632" number="2"/>
    </fusion_recipe>
    <fusion_recipe>
        <card_id>6637</card_id>
        <resource card_id="5328" number="2"/>
    </fusion_recipe>
    <fusion_recipe>
        <card_id>6641</card_id>
        <resource card_id="6640" number="2"/>
    </fusion_recipe>
    <fusion_recipe>
        <card_id>6645</card_id>
        <resource card_id="6090" number="2"/>
    </fusion_recipe>
    <fusion_recipe>
        <card_id>6649</card_id>
        <resource card_id="6648" number="2"/>
    </fusion_recipe>
    <fusion_recipe>
        <card_id>6615</card_id>
        <resource card_id="4693" number="2"/>
    </fusion_recipe>

<!-- Eradication War -->

	<fusion_recipe>
		<card_id>6525</card_id>
		<resource card_id="4799" number="2"/>
	</fusion_recipe>
	<fusion_recipe>
		<card_id>6519</card_id>
		<resource card_id="5184" number="2"/>
	</fusion_recipe>
	<fusion_recipe>
		<card_id>6513</card_id>
		<resource card_id="4393" number="2"/>
	</fusion_recipe>

<!-- Eradicate Box -->

	<fusion_recipe>
		<card_id>6479</card_id>
		<resource card_id="6478" number="2"/>
	</fusion_recipe>
	<fusion_recipe>
		<card_id>6485</card_id>
		<resource card_id="6484" number="2"/>
	</fusion_recipe>
	<fusion_recipe>
		<card_id>6439</card_id>
		<resource card_id="6438" number="2"/>
	</fusion_recipe>
	<fusion_recipe>
		<card_id>6445</card_id>
		<resource card_id="6444" number="2"/>
	</fusion_recipe>
	<fusion_recipe>
		<card_id>6501</card_id>
		<resource card_id="6500" number="2"/>
	</fusion_recipe>
	<fusion_recipe>
		<card_id>6507</card_id>
		<resource card_id="6506" number="2"/>
	</fusion_recipe>
	<fusion_recipe>
		<card_id>6457</card_id>
		<resource card_id="6456" number="2"/>
	</fusion_recipe>
	<fusion_recipe>
		<card_id>6463</card_id>
		<resource card_id="6462" number="2"/>
	</fusion_recipe>

<!-- Cyborg Fusion -->

	<fusion_recipe>
        <card_id>6415</card_id>
        <resource card_id="6414" number="2"/>
    </fusion_recipe>
	<fusion_recipe>
        <card_id>6421</card_id>
        <resource card_id="6420" number="2"/>
    </fusion_recipe>

<!-- Mutant Fusion -->

	<fusion_recipe>
        <card_id>6403</card_id>
        <resource card_id="6402" number="2"/>
    </fusion_recipe>
    
<!-- Worldship Infested Week 3 -->

	<fusion_recipe>
        <card_id>6355</card_id>
        <resource card_id="6354" number="2"/>
    </fusion_recipe>
	<fusion_recipe>
        <card_id>6361</card_id>
        <resource card_id="6360" number="2"/>
    </fusion_recipe>
	<fusion_recipe>
        <card_id>6315</card_id>
        <resource card_id="6314" number="2"/>
    </fusion_recipe>
	<fusion_recipe>
        <card_id>6321</card_id>
        <resource card_id="6320" number="2"/>
    </fusion_recipe>
	<fusion_recipe>
        <card_id>6333</card_id>
        <resource card_id="6332" number="2"/>
    </fusion_recipe>
	<fusion_recipe>
        <card_id>6339</card_id>
        <resource card_id="6338" number="2"/>
    </fusion_recipe>
	<fusion_recipe>
        <card_id>2649</card_id>
        <resource card_id="2648" number="2"/>
    </fusion_recipe>
	<fusion_recipe>
        <card_id>2655</card_id>
        <resource card_id="2654" number="2"/>
    </fusion_recipe>
	<fusion_recipe>
        <card_id>6303</card_id>
        <resource card_id="6302" number="2"/>
    </fusion_recipe>
    
<!-- Worldship Infested Week 2 -->

	<fusion_recipe>
        <card_id>6249</card_id>
        <resource card_id="6248" number="2"/>
    </fusion_recipe>
    <fusion_recipe>
        <card_id>6255</card_id>
        <resource card_id="6254" number="2"/>
    </fusion_recipe>
    <fusion_recipe>
        <card_id>6231</card_id>
        <resource card_id="6230" number="2"/>
    </fusion_recipe>
    <fusion_recipe>
        <card_id>6237</card_id>
        <resource card_id="6236" number="2"/>
    </fusion_recipe>
    <fusion_recipe>
        <card_id>6279</card_id>
        <resource card_id="6278" number="2"/>
    </fusion_recipe>
    <fusion_recipe>
        <card_id>6285</card_id>
        <resource card_id="6284" number="2"/>
    </fusion_recipe>
    <fusion_recipe>
        <card_id>2631</card_id>
        <resource card_id="2630" number="2"/>
    </fusion_recipe>
    <fusion_recipe>
        <card_id>2637</card_id>
        <resource card_id="2636" number="2"/>
    </fusion_recipe>
    <fusion_recipe>
        <card_id>6291</card_id>
        <resource card_id="4086" number="2"/>
    </fusion_recipe>

<!-- Worldship Infested Fusions Week 1 -->

	<fusion_recipe>
		<card_id>6125</card_id>
		<resource card_id="6124" number="2"/>
	</fusion_recipe>
	<fusion_recipe>
		<card_id>6131</card_id>
		<resource card_id="6130" number="2"/>
	</fusion_recipe>
	<fusion_recipe>
		<card_id>6143</card_id>
		<resource card_id="6142" number="2"/>
	</fusion_recipe>
	<fusion_recipe>
		<card_id>6149</card_id>
		<resource card_id="6148" number="2"/>
	</fusion_recipe>
	<fusion_recipe>
		<card_id>6183</card_id>
		<resource card_id="6182" number="2"/>
	</fusion_recipe>
	<fusion_recipe>
		<card_id>6189</card_id>
		<resource card_id="6188" number="2"/>
	</fusion_recipe>
	<fusion_recipe>
		<card_id>2613</card_id>
		<resource card_id="2612" number="2"/>
	</fusion_recipe>
	<fusion_recipe>
		<card_id>2619</card_id>
		<resource card_id="2618" number="2"/>
	</fusion_recipe>
	<fusion_recipe>
		<card_id>6161</card_id>
		<resource card_id="6160" number="2"/>
	</fusion_recipe>
	<fusion_recipe>
		<card_id>6167</card_id>
		<resource card_id="6166" number="2"/>
	</fusion_recipe>
	<fusion_recipe>
		<card_id>6201</card_id>
		<resource card_id="6200" number="2"/>
	</fusion_recipe>

<!-- Worldship Shattered Fusions -->

	<fusion_recipe>
		<card_id>6113</card_id>
		<resource card_id="4012" number="2"/>
	</fusion_recipe>
	<fusion_recipe>
		<card_id>2601</card_id>
		<resource card_id="2470" number="2"/>
	</fusion_recipe>
	<fusion_recipe>
		<card_id>5956</card_id>
		<resource card_id="4823" number="2"/>
	</fusion_recipe>
	
<!-- Worldship Shattered Box Fusions -->	

	<fusion_recipe>
		<card_id>6097</card_id>
		<resource card_id="6096" number="2"/>
	</fusion_recipe>
	<fusion_recipe>
		<card_id>6103</card_id>
		<resource card_id="6102" number="2"/>
	</fusion_recipe>
	<fusion_recipe>
		<card_id>6057</card_id>
		<resource card_id="6056" number="2"/>
	</fusion_recipe>
	<fusion_recipe>
		<card_id>6063</card_id>
		<resource card_id="6062" number="2"/>
	</fusion_recipe>
	<fusion_recipe>
		<card_id>6075</card_id>
		<resource card_id="6074" number="2"/>
	</fusion_recipe>
	<fusion_recipe>
		<card_id>6081</card_id>
		<resource card_id="6080" number="2"/>
	</fusion_recipe>
	<fusion_recipe>
		<card_id>2589</card_id>
		<resource card_id="2588" number="2"/>
	</fusion_recipe>
	<fusion_recipe>
		<card_id>2595</card_id>
		<resource card_id="2594" number="2"/>
	</fusion_recipe>

<!-- New Fusion Recipes Round 2 -->

	<fusion_recipe>
		<card_id>5986</card_id>
		<resource card_id="97" number="1"/>
		<resource card_id="2073" number="1"/>
		<resource card_id="91" number="1"/>
	</fusion_recipe>
	<fusion_recipe>
		<card_id>5992</card_id>
		<resource card_id="5991" number="2"/>
	</fusion_recipe>
	<fusion_recipe>
		<card_id>5998</card_id>
		<resource card_id="97" number="1"/>
		<resource card_id="186" number="1"/>
		<resource card_id="253" number="1"/>
	</fusion_recipe>
	<fusion_recipe>
		<card_id>6004</card_id>
		<resource card_id="6003" number="2"/>
	</fusion_recipe>
	<fusion_recipe>
		<card_id>6022</card_id>
		<resource card_id="130" number="1"/>
		<resource card_id="193" number="1"/>
		<resource card_id="235" number="1"/>
	</fusion_recipe>
	<fusion_recipe>
		<card_id>6028</card_id>
		<resource card_id="6027" number="2"/>
	</fusion_recipe>
	<fusion_recipe>
		<card_id>6034</card_id>
		<resource card_id="163" number="1"/>
		<resource card_id="2067" number="1"/>
		<resource card_id="491" number="1"/>
	</fusion_recipe>
	<fusion_recipe>
		<card_id>6040</card_id>
		<resource card_id="6039" number="2"/>
	</fusion_recipe>
	<fusion_recipe>
		<card_id>5962</card_id>
		<resource card_id="223" number="1"/>
		<resource card_id="2057" number="1"/>
		<resource card_id="499" number="1"/>
	</fusion_recipe>
	<fusion_recipe>
		<card_id>5968</card_id>
		<resource card_id="5967" number="2"/>
	</fusion_recipe>
	<fusion_recipe>
		<card_id>5974</card_id>
		<resource card_id="549" number="1"/>
		<resource card_id="206" number="1"/>
		<resource card_id="2061" number="1"/>
	</fusion_recipe>
	<fusion_recipe>
		<card_id>5980</card_id>
		<resource card_id="5979" number="2"/>
	</fusion_recipe>
	<fusion_recipe>
		<card_id>6010</card_id>
		<resource card_id="124" number="1"/>
		<resource card_id="211" number="1"/>
		<resource card_id="500" number="1"/>
	</fusion_recipe>
	<fusion_recipe>
		<card_id>6016</card_id>
		<resource card_id="6015" number="2"/>
	</fusion_recipe>

<!-- Kronus Chance Pack -->

    <fusion_recipe>
            <card_id>5944</card_id>
            <resource card_id="229" number="2"/>
    </fusion_recipe>
    <fusion_recipe>
            <card_id>5950</card_id>
            <resource card_id="5949" number="2"/>
    </fusion_recipe>
    
<!-- Worldship Invasion Week 3 -->

    <fusion_recipe>
            <card_id>5872</card_id>
            <resource card_id="5871" number="2"/>
    </fusion_recipe>
    <fusion_recipe>
            <card_id>5878</card_id>
            <resource card_id="5877" number="2"/>
    </fusion_recipe>
    <fusion_recipe>
            <card_id>5860</card_id>
            <resource card_id="997" number="2"/>
    </fusion_recipe>
	<fusion_recipe>
            <card_id>5802</card_id>
            <resource card_id="5801" number="2"/>
    </fusion_recipe>
    <fusion_recipe>
            <card_id>5808</card_id>
            <resource card_id="5807" number="2"/>
    </fusion_recipe>
    <fusion_recipe>
            <card_id>5814</card_id>
            <resource card_id="5602" number="2"/>
    </fusion_recipe>
    <fusion_recipe>
            <card_id>5820</card_id>
            <resource card_id="5819" number="2"/>
    </fusion_recipe>
    <fusion_recipe>
            <card_id>5832</card_id>
            <resource card_id="5831" number="2"/>
    </fusion_recipe>
    <fusion_recipe>
            <card_id>5838</card_id>
            <resource card_id="5837" number="2"/>
    </fusion_recipe>
    <fusion_recipe>
            <card_id>5854</card_id>
            <resource card_id="5853" number="2"/>
    </fusion_recipe>

<!-- New Recipe Fusions -->

	<fusion_recipe>
		<card_id>5884</card_id>
		<resource card_id="31" number="1"/>
		<resource card_id="527" number="1"/>
		<resource card_id="2053" number="1"/>
	</fusion_recipe>
	<fusion_recipe>
		<card_id>5890</card_id>
		<resource card_id="5889" number="2"/>
	</fusion_recipe>
	<fusion_recipe>
		<card_id>5896</card_id>
		<resource card_id="64" number="1"/>
		<resource card_id="259" number="1"/>
		<resource card_id="2047" number="1"/>
	</fusion_recipe>
	<fusion_recipe>
		<card_id>5902</card_id>
		<resource card_id="5901" number="2"/>
	</fusion_recipe>
	<fusion_recipe>
		<card_id>5932</card_id>
		<resource card_id="130" number="1"/>
		<resource card_id="2109" number="1"/>
		<resource card_id="235" number="1"/>
	</fusion_recipe>
	<fusion_recipe>
		<card_id>5938</card_id>
		<resource card_id="5937" number="2"/>
	</fusion_recipe>
	<fusion_recipe>
		<card_id>5920</card_id>
		<resource card_id="253" number="1"/>
		<resource card_id="327" number="1"/>
		<resource card_id="531" number="1"/>
	</fusion_recipe>
	<fusion_recipe>
		<card_id>5926</card_id>
		<resource card_id="5925" number="2"/>
	</fusion_recipe>
	<fusion_recipe>
		<card_id>5908</card_id>
		<resource card_id="241" number="1"/>
		<resource card_id="521" number="1"/>
		<resource card_id="560" number="1"/>
	</fusion_recipe>
	<fusion_recipe>
		<card_id>5914</card_id>
		<resource card_id="5913" number="2"/>
	</fusion_recipe>

<!-- Tempest Hold Fusions -->

	<fusion_recipe>
            <card_id>2567</card_id>
            <resource card_id="2292" number="2"/>
	</fusion_recipe>
	<fusion_recipe>
            <card_id>2573</card_id>
            <resource card_id="2572" number="2"/>
	</fusion_recipe>

<!-- Worldship Invasion Week 2 -->

	<fusion_recipe>
            <card_id>5778</card_id>
            <resource card_id="5777" number="2"/>
	</fusion_recipe>
	<fusion_recipe>
            <card_id>5784</card_id>
            <resource card_id="5783" number="2"/>
	</fusion_recipe>
	<fusion_recipe>
            <card_id>5720</card_id>
            <resource card_id="5719" number="2"/>
	</fusion_recipe>
	<fusion_recipe>
            <card_id>5726</card_id>
            <resource card_id="5725" number="2"/>
	</fusion_recipe>
	<fusion_recipe>
            <card_id>5738</card_id>
            <resource card_id="5737" number="2"/>
	</fusion_recipe>
	<fusion_recipe>
            <card_id>5744</card_id>
            <resource card_id="5743" number="2"/>
	</fusion_recipe>    
	<fusion_recipe>
            <card_id>2550</card_id>
            <resource card_id="2549" number="2"/>
	</fusion_recipe>
	<fusion_recipe>
            <card_id>2556</card_id>
            <resource card_id="2555" number="2"/>
	</fusion_recipe>
	<fusion_recipe>
            <card_id>5756</card_id>
            <resource card_id="5755" number="2"/>
	</fusion_recipe>
	<fusion_recipe>
            <card_id>5762</card_id>
            <resource card_id="5761" number="2"/>
	</fusion_recipe>
	<fusion_recipe>
            <card_id>5790</card_id>
            <resource card_id="4705" number="2"/>
	</fusion_recipe>

<!-- Poseidon Fusion -->
	
    <fusion_recipe>
            <card_id>5702</card_id>
            <resource card_id="385" number="2"/>
    </fusion_recipe>
    <fusion_recipe>
            <card_id>5708</card_id>
            <resource card_id="5707" number="2"/>
    </fusion_recipe>
    
<!-- Worldship Invasion Week 1 -->

    <fusion_recipe>
            <card_id>5690</card_id>
            <resource card_id="5689" number="2"/>
    </fusion_recipe>
    <fusion_recipe>
            <card_id>5696</card_id>
            <resource card_id="5695" number="2"/>
    </fusion_recipe>
    <fusion_recipe>
            <card_id>5653</card_id>
            <resource card_id="5652" number="2"/>
    </fusion_recipe>
    <fusion_recipe>
            <card_id>5660</card_id>
            <resource card_id="5659" number="2"/>
    </fusion_recipe>
    <fusion_recipe>
            <card_id>5672</card_id>
            <resource card_id="5671" number="2"/>
    </fusion_recipe>
    <fusion_recipe>
            <card_id>5678</card_id>
            <resource card_id="5677" number="2"/>
    </fusion_recipe>
    <fusion_recipe>
            <card_id>5635</card_id>
            <resource card_id="5634" number="2"/>
    </fusion_recipe>
    <fusion_recipe>
            <card_id>5641</card_id>
            <resource card_id="5640" number="2"/>
    </fusion_recipe>
    <fusion_recipe>
            <card_id>5420</card_id>
            <resource card_id="4080" number="2"/>
    </fusion_recipe>

<!-- Apocalypse War -->

	<fusion_recipe>
	        <card_id>5515</card_id>
	        <resource card_id="5514" number="2"/>
	</fusion_recipe>
	<fusion_recipe>
	        <card_id>5503</card_id>
	        <resource card_id="5502" number="2"/>
	</fusion_recipe>
	<fusion_recipe>
	        <card_id>2520</card_id>
	        <resource card_id="2519" number="2"/>
	</fusion_recipe>
	
<!-- Apocalypse Box -->

	<fusion_recipe>
	        <card_id>5527</card_id>
	        <resource card_id="5526" number="2"/>
	</fusion_recipe>
	<fusion_recipe>
	        <card_id>5533</card_id>
	        <resource card_id="5532" number="2"/>
	</fusion_recipe>
	<fusion_recipe>
	        <card_id>5545</card_id>
	        <resource card_id="5544" number="2"/>
	</fusion_recipe>
	<fusion_recipe>
	        <card_id>5551</card_id>
	        <resource card_id="5550" number="2"/>
	</fusion_recipe>
	<fusion_recipe>
	        <card_id>5563</card_id>
	        <resource card_id="5562" number="2"/>
	</fusion_recipe>
	<fusion_recipe>
	        <card_id>5569</card_id>
	        <resource card_id="5568" number="2"/>
	</fusion_recipe>
	<fusion_recipe>
	        <card_id>5585</card_id>
	        <resource card_id="5584" number="2"/>
	</fusion_recipe>
	<fusion_recipe>
	        <card_id>5591</card_id>
	        <resource card_id="5590" number="2"/>
	</fusion_recipe>

<!-- March Event -->

	<fusion_recipe>
	        <card_id>5470</card_id>
	        <resource card_id="5262" number="2"/>
	</fusion_recipe>
	<fusion_recipe>
	        <card_id>2502</card_id>
	        <resource card_id="2501" number="2"/>
	</fusion_recipe>
	<fusion_recipe>
	        <card_id>2508</card_id>
	        <resource card_id="2507" number="2"/>
	</fusion_recipe>
	<fusion_recipe>
	        <card_id>5450</card_id>
	        <resource card_id="5449" number="2"/>
	</fusion_recipe>
	<fusion_recipe>
	        <card_id>5456</card_id>
	        <resource card_id="5455" number="2"/>
	</fusion_recipe>
	<fusion_recipe>
	        <card_id>5488</card_id>
	        <resource card_id="5487" number="2"/>
	</fusion_recipe>

    <fusion_recipe>
        <card_id>2484</card_id>
        <resource card_id="2483" number="2"/>
    </fusion_recipe>
    <fusion_recipe>
        <card_id>2490</card_id>
        <resource card_id="2489" number="2"/>
    </fusion_recipe>
    <fusion_recipe>
        <card_id>5385</card_id>
        <resource card_id="5384" number="2"/>
    </fusion_recipe>
    <fusion_recipe>
        <card_id>5392</card_id>
        <resource card_id="5391" number="2"/>
    </fusion_recipe>
    <fusion_recipe>
        <card_id>5438</card_id>
        <resource card_id="5437" number="2"/>
    </fusion_recipe>

	<fusion_recipe>
		<card_id>5345</card_id>
		<resource card_id="5344" number="2"/>
	</fusion_recipe>
	<fusion_recipe>
		<card_id>5351</card_id>
		<resource card_id="5350" number="2"/>
	</fusion_recipe>
	<fusion_recipe>
		<card_id>5363</card_id>
		<resource card_id="5362" number="2"/>
	</fusion_recipe>
	<fusion_recipe>
		<card_id>5369</card_id>
		<resource card_id="5368" number="2"/>
	</fusion_recipe>
	<fusion_recipe>
		<card_id>5414</card_id>
		<resource card_id="5413" number="2"/>
	</fusion_recipe>

	<!-- <fusion_recipe>
		<card_id>5420</card_id>
		<resource card_id='4080' number='2' />
	</fusion_recipe> -->

<!-- Life and Death Boxes -->

	<fusion_recipe>
		<card_id>5333</card_id>
		<resource card_id="4789" number="2"/>
	</fusion_recipe>
	<fusion_recipe>
		<card_id>5257</card_id>
		<resource card_id="5256" number="2"/>
	</fusion_recipe>
	<fusion_recipe>
		<card_id>5277</card_id>
		<resource card_id="5276" number="2"/>
	</fusion_recipe>
	<fusion_recipe>
		<card_id>5283</card_id>
		<resource card_id="5282" number="2"/>
	</fusion_recipe>
	<fusion_recipe>
		<card_id>5295</card_id>
		<resource card_id="5294" number="2"/>
	</fusion_recipe>
	<fusion_recipe>
		<card_id>5301</card_id>
		<resource card_id="5300" number="2"/>
	</fusion_recipe>
	<fusion_recipe>
		<card_id>5313</card_id>
		<resource card_id="5312" number="2"/>
	</fusion_recipe>
	<fusion_recipe>
		<card_id>5319</card_id>
		<resource card_id="5318" number="2"/>
	</fusion_recipe>
	<fusion_recipe>
		<card_id>5203</card_id>
		<resource card_id="5202" number="2"/>
	</fusion_recipe>
	<fusion_recipe>
		<card_id>5209</card_id>
		<resource card_id="5208" number="2"/>
	</fusion_recipe>
	<fusion_recipe>
		<card_id>5221</card_id>
		<resource card_id="5220" number="2"/>
	</fusion_recipe>
	<fusion_recipe>
		<card_id>5227</card_id>
		<resource card_id="5226" number="2"/>
	</fusion_recipe>
	<fusion_recipe>
		<card_id>5239</card_id>
		<resource card_id="5238" number="2"/>
	</fusion_recipe>
	<fusion_recipe>
		<card_id>5245</card_id>
		<resource card_id="5244" number="2"/>
	</fusion_recipe>

<!-- Red Maw Invasion Fusions -->

	<fusion_recipe>
		<card_id>5191</card_id>
		<resource card_id="5190" number="2"/>
	</fusion_recipe>
	<fusion_recipe>
		<card_id>5179</card_id>
		<resource card_id="5178" number="2"/>
	</fusion_recipe>
	<fusion_recipe>
		<card_id>5167</card_id>
		<resource card_id="5166" number="2"/>
	</fusion_recipe>

<!-- Purger Box + Reward Fusions -->

	<fusion_recipe>
		<card_id>4952</card_id>
		<resource card_id="4951" number="2"/>
	</fusion_recipe>
	<fusion_recipe>
		<card_id>4862</card_id>
		<resource card_id="4861" number="2"/>
	</fusion_recipe>
	<fusion_recipe>
		<card_id>4868</card_id>
		<resource card_id="4867" number="2"/>
	</fusion_recipe>
	<fusion_recipe>
		<card_id>5100</card_id>
		<resource card_id="5099" number="2"/>
	</fusion_recipe>
	<fusion_recipe>
		<card_id>5106</card_id>
		<resource card_id="5105" number="2"/>
	</fusion_recipe>
	<fusion_recipe>
		<card_id>4844</card_id>
		<resource card_id="4843" number="2"/>
	</fusion_recipe>
	<fusion_recipe>
		<card_id>4850</card_id>
		<resource card_id="4849" number="2"/>
	</fusion_recipe>
	<fusion_recipe>
		<card_id>5155</card_id>
		<resource card_id="5154" number="2"/>
	</fusion_recipe>

<!-- Research Box Fusions -->

	<fusion_recipe>
		<card_id>4898</card_id>
		<resource card_id="4897" number="2"/>
	</fusion_recipe>
	<fusion_recipe>
		<card_id>4904</card_id>
		<resource card_id="4903" number="2"/>
	</fusion_recipe>
	<fusion_recipe>
		<card_id>4934</card_id>
		<resource card_id="4933" number="2"/>
	</fusion_recipe>
	<fusion_recipe>
		<card_id>4940</card_id>
		<resource card_id="4939" number="2"/>
	</fusion_recipe>
	<fusion_recipe>
		<card_id>2411</card_id>
		<resource card_id="2410" number="2"/>
	</fusion_recipe>
	<fusion_recipe>
		<card_id>2417</card_id>
		<resource card_id="2416" number="2"/>
	</fusion_recipe>
	<fusion_recipe>
		<card_id>4826</card_id>
		<resource card_id="4977" number="2"/>
	</fusion_recipe>
	<fusion_recipe>
		<card_id>4832</card_id>
		<resource card_id="4831" number="2"/>
	</fusion_recipe>
	<fusion_recipe>
		<card_id>5124</card_id>
		<resource card_id="5136" number="2"/>
	</fusion_recipe>

<!-- Betrayal Box Fusions + Mission Reward -->

	<fusion_recipe>
		<card_id>4880</card_id>
		<resource card_id="4879" number="2"/>
	</fusion_recipe>
	<fusion_recipe>
		<card_id>4886</card_id>
		<resource card_id="4885" number="2"/>
	</fusion_recipe>
	<fusion_recipe>
		<card_id>4916</card_id>
		<resource card_id="4915" number="2"/>
	</fusion_recipe>
	<fusion_recipe>
		<card_id>4922</card_id>
		<resource card_id="4921" number="2"/>
	</fusion_recipe>
	<fusion_recipe>
		<card_id>2429</card_id>
		<resource card_id="2428" number="2"/>
	</fusion_recipe>
	<fusion_recipe>
		<card_id>2435</card_id>
		<resource card_id="2434" number="2"/>
	</fusion_recipe>
	<fusion_recipe>
		<card_id>2191</card_id>
		<resource card_id="2148" number="2"/>
	</fusion_recipe>
	<fusion_recipe>
		<card_id>2472</card_id>
		<resource card_id="2196" number="2"/>
	</fusion_recipe>
	<fusion_recipe>
		<card_id>749</card_id>
		<resource card_id="671" number="2"/>
	</fusion_recipe>
	<fusion_recipe>
		<card_id>5118</card_id>
		<resource card_id="754" number="2"/>
	</fusion_recipe>

<!-- Valentine's Day Massacre Fusions -->

	<fusion_recipe>
		<card_id>961</card_id>
		<resource card_id="960" number="2"/>
	</fusion_recipe>
	<fusion_recipe>
		<card_id>2465</card_id>
		<resource card_id="2446" number="2"/>
	</fusion_recipe>
	<fusion_recipe>
		<card_id>5080</card_id>
		<resource card_id="5079" number="2"/>
	</fusion_recipe>

<!-- Hoard Fusions -->

	<fusion_recipe>
		<card_id>4990</card_id>
		<resource card_id="4989" number="2"/>
	</fusion_recipe>
	<fusion_recipe>
		<card_id>4996</card_id>
		<resource card_id="4995" number="2"/>
	</fusion_recipe>
	<fusion_recipe>
		<card_id>5002</card_id>
		<resource card_id="4971" number="2"/>
	</fusion_recipe>
	<fusion_recipe>
		<card_id>5008</card_id>
		<resource card_id="5007" number="2"/>
	</fusion_recipe>
	<fusion_recipe>
		<card_id>2453</card_id>
		<resource card_id="2452" number="2"/>
	</fusion_recipe>
	<fusion_recipe>
		<card_id>2459</card_id>
		<resource card_id="2458" number="2"/>
	</fusion_recipe>

<!-- January War Fusions -->

	<fusion_recipe>
		<card_id>4794</card_id>
		<resource card_id="497" number="2"/>
	</fusion_recipe>
	<fusion_recipe>
		<card_id>4806</card_id>
		<resource card_id="4805" number="2"/>
	</fusion_recipe>
	<fusion_recipe>
		<card_id>4818</card_id>
		<resource card_id="4817" number="2"/>
	</fusion_recipe>

<!-- January Event Fusions -->
	
	<fusion_recipe>
		<card_id>4784</card_id>
		<resource card_id="766" number="2"/>
	</fusion_recipe>
	<fusion_recipe>
		<card_id>4616</card_id>
		<resource card_id="4615" number="2"/>
	</fusion_recipe>
	<fusion_recipe>
		<card_id>4622</card_id>
		<resource card_id="4621" number="2"/>
	</fusion_recipe>
	<fusion_recipe>
		<card_id>4580</card_id>
		<resource card_id="4579" number="2"/>
	</fusion_recipe>
	<fusion_recipe>
		<card_id>4586</card_id>
		<resource card_id="4585" number="2"/>
	</fusion_recipe>
	<fusion_recipe>
		<card_id>2355</card_id>
		<resource card_id="2354" number="2"/>
	</fusion_recipe>
	<fusion_recipe>
		<card_id>2361</card_id>
		<resource card_id="2360" number="2"/>
	</fusion_recipe>
	<fusion_recipe>
		<card_id>791</card_id>
		<resource card_id="635" number="2"/>
	</fusion_recipe>
	<fusion_recipe>
		<card_id>4748</card_id>
		<resource card_id="796" number="2"/>
	</fusion_recipe>
	<fusion_recipe>
		<card_id>4700</card_id>
		<resource card_id="4699" number="2"/>
	</fusion_recipe>
	
	<fusion_recipe>
		<card_id>4081</card_id>
		<resource card_id="590" number="2"/>
	</fusion_recipe>

	<fusion_recipe>
		<card_id>2373</card_id>
		<resource card_id="2372" number="2"/>
	</fusion_recipe>
	<fusion_recipe>
		<card_id>2379</card_id>
		<resource card_id="2378" number="2"/>
	</fusion_recipe>
	<fusion_recipe>
		<card_id>4652</card_id>
		<resource card_id="4651" number="2"/>
	</fusion_recipe>
	<fusion_recipe>
		<card_id>4658</card_id>
		<resource card_id="4657" number="2"/>
	</fusion_recipe>
	<fusion_recipe>
		<card_id>4424</card_id>
		<resource card_id="4423" number="2"/>
	</fusion_recipe>
	<fusion_recipe>
		<card_id>4430</card_id>
		<resource card_id="4429" number="2"/>
	</fusion_recipe>
	<fusion_recipe>
		<card_id>4760</card_id>
		<resource card_id="4759" number="2"/>
	</fusion_recipe>
	<fusion_recipe>
		<card_id>4766</card_id>
		<resource card_id="4765" number="2"/>
	</fusion_recipe>
	<fusion_recipe>
		<card_id>931</card_id>
		<resource card_id="217" number="2"/>
	</fusion_recipe>
	<fusion_recipe>
		<card_id>4724</card_id>
		<resource card_id="936" number="2"/>
	</fusion_recipe>
	<fusion_recipe>
		<card_id>773</card_id>
		<resource card_id="653" number="2"/>
	</fusion_recipe>
	<fusion_recipe>
		<card_id>4730</card_id>
		<resource card_id="778" number="2"/>
	</fusion_recipe>
	<fusion_recipe>
		<card_id>949</card_id>
		<resource card_id="926" number="2"/>
	</fusion_recipe>
	<fusion_recipe>
		<card_id>4736</card_id>
		<resource card_id="954" number="2"/>
	</fusion_recipe>
	<fusion_recipe>
		<card_id>873</card_id>
		<resource card_id="844" number="2"/>
	</fusion_recipe>
	<fusion_recipe>
		<card_id>4742</card_id>
		<resource card_id="878" number="2"/>
	</fusion_recipe>
	<fusion_recipe>
		<card_id>4688</card_id>
		<resource card_id="4717" number="2"/>
	</fusion_recipe>
	
	<!-- Splinter War Fusions -->
	<fusion_recipe>
		<card_id>4388</card_id>
		<resource card_id="4387" number="2"/>
	</fusion_recipe>
	<fusion_recipe>
		<card_id>4007</card_id>
		<resource card_id="4006" number="2"/>
	</fusion_recipe>
	<!-- END Splinter War Fusions -->

	<fusion_recipe>
		<card_id>4598</card_id>
		<resource card_id="4597" number="2"/>
	</fusion_recipe>
	<fusion_recipe>
		<card_id>4604</card_id>
		<resource card_id="4603" number="2"/>
	</fusion_recipe>
	<fusion_recipe>
		<card_id>4634</card_id>
		<resource card_id="4633" number="2"/>
	</fusion_recipe>
	<fusion_recipe>
		<card_id>4640</card_id>
		<resource card_id="4639" number="2"/>
	</fusion_recipe>
	<fusion_recipe>
		<card_id>2337</card_id>
		<resource card_id="2336" number="2"/>
	</fusion_recipe>
	<fusion_recipe>
		<card_id>2343</card_id>
		<resource card_id="2342" number="2"/>
	</fusion_recipe>
	<fusion_recipe>
		<card_id>915</card_id>
		<resource card_id="914" number="2"/>
	</fusion_recipe>
	<fusion_recipe>
		<card_id>4664</card_id>
		<resource card_id="920" number="2"/>
	</fusion_recipe>
	<fusion_recipe>
		<card_id>2185</card_id>
		<resource card_id="2138" number="2"/>
	</fusion_recipe>
	<fusion_recipe>
		<card_id>2385</card_id>
		<resource card_id="2190" number="2"/>
	</fusion_recipe>
	<fusion_recipe>
		<card_id>903</card_id>
		<resource card_id="902" number="2"/>
	</fusion_recipe>
	<fusion_recipe>
		<card_id>4670</card_id>
		<resource card_id="908" number="2"/>
	</fusion_recipe>
	<fusion_recipe>
		<card_id>2209</card_id>
		<resource card_id="2208" number="2"/>
	</fusion_recipe>
	<fusion_recipe>
		<card_id>2391</card_id>
		<resource card_id="2214" number="2"/>
	</fusion_recipe>
	<fusion_recipe>
		<card_id>815</card_id>
		<resource card_id="677" number="2"/>
	</fusion_recipe>
	<fusion_recipe>
		<card_id>4718</card_id>
		<resource card_id="820" number="2"/>
	</fusion_recipe>
	
	<!-- Event Fusion -->
	
	<fusion_recipe>
		<card_id>4013</card_id>
		<resource card_id="349" number="2"/>
	</fusion_recipe>
	<fusion_recipe>
		<card_id>4105</card_id>
		<resource card_id="4018" number="2"/>
	</fusion_recipe>
	<fusion_recipe>
		<card_id>4019</card_id>
		<resource card_id="337" number="2"/>
	</fusion_recipe>
	<fusion_recipe>
		<card_id>4135</card_id>
		<resource card_id="4024" number="2"/>
	</fusion_recipe>
	<fusion_recipe>
		<card_id>4031</card_id>
		<resource card_id="4030" number="2"/>
	</fusion_recipe>
	<fusion_recipe>
		<card_id>4117</card_id>
		<resource card_id="4036" number="2"/>
	</fusion_recipe>	
	<fusion_recipe>
		<card_id>4043</card_id>
		<resource card_id="4042" number="2"/>
	</fusion_recipe>
	<fusion_recipe>
		<card_id>4123</card_id>
		<resource card_id="4048" number="2"/>
	</fusion_recipe>
	<fusion_recipe>
		<card_id>4055</card_id>
		<resource card_id="4054" number="2"/>
	</fusion_recipe>
	<fusion_recipe>
		<card_id>4153</card_id>
		<resource card_id="4060" number="2"/>
	</fusion_recipe>
	<fusion_recipe>
		<card_id>4075</card_id>
		<resource card_id="421" number="2"/>
	</fusion_recipe>
	<fusion_recipe>
		<card_id>885</card_id>
		<resource card_id="247" number="2"/>
	</fusion_recipe>
	<fusion_recipe>
		<card_id>4111</card_id>
		<resource card_id="890" number="2"/>
	</fusion_recipe>
	<fusion_recipe>
		<card_id>2179</card_id>
		<resource card_id="2099" number="2"/>
	</fusion_recipe>
	<fusion_recipe>
		<card_id>2215</card_id>
		<resource card_id="2184" number="2"/>
	</fusion_recipe>
	<fusion_recipe>
		<card_id>891</card_id>
		<resource card_id="409" number="2"/>
	</fusion_recipe>
	<fusion_recipe>
		<card_id>4129</card_id>
		<resource card_id="896" number="2"/>
	</fusion_recipe>
	<fusion_recipe>
		<card_id>797</card_id>
		<resource card_id="641" number="2"/>
	</fusion_recipe>
	<fusion_recipe>
		<card_id>4141</card_id>
		<resource card_id="802" number="2"/>
	</fusion_recipe>
	<fusion_recipe>
		<card_id>803</card_id>
		<resource card_id="647" number="2"/>
	</fusion_recipe>
	<fusion_recipe>
		<card_id>4147</card_id>
		<resource card_id="808" number="2"/>
	</fusion_recipe>
	<fusion_recipe>
		<card_id>4087</card_id>
		<resource card_id="391" number="2"/>
	</fusion_recipe>
	<fusion_recipe>
		<card_id>4159</card_id>
		<resource card_id="4092" number="2"/>
	</fusion_recipe>
	<fusion_recipe>
		<card_id>4099</card_id>
		<resource card_id="4098" number="2"/>
	</fusion_recipe>
	<fusion_recipe>
		<card_id>4165</card_id>
		<resource card_id="4104" number="2"/>
	</fusion_recipe>
	<fusion_recipe>
		<card_id>2221</card_id>
		<resource card_id="2126" number="2"/>
	</fusion_recipe>
	<fusion_recipe>
		<card_id>2227</card_id>
		<resource card_id="2226" number="2"/>
	</fusion_recipe>
	<fusion_recipe>
		<card_id>2239</card_id>
		<resource card_id="2238" number="2"/>
	</fusion_recipe>
	<fusion_recipe>
		<card_id>2245</card_id>
		<resource card_id="2244" number="2"/>
	</fusion_recipe>
	<fusion_recipe>
		<card_id>4262</card_id>
		<resource card_id="4261" number="2"/>
	</fusion_recipe>
	<fusion_recipe>
		<card_id>4268</card_id>
		<resource card_id="4267" number="2"/>
	</fusion_recipe>
	<fusion_recipe>
		<card_id>849</card_id>
		<resource card_id="543" number="2"/>
	</fusion_recipe>
	<fusion_recipe>
		<card_id>4172</card_id>
		<resource card_id="854" number="2"/>
	</fusion_recipe>
	<fusion_recipe>
		<card_id>779</card_id>
		<resource card_id="659" number="2"/>
	</fusion_recipe>
	<fusion_recipe>
		<card_id>4178</card_id>
		<resource card_id="784" number="2"/>
	</fusion_recipe>
	<fusion_recipe>
		<card_id>785</card_id>
		<resource card_id="578" number="2"/>
	</fusion_recipe>
	<fusion_recipe>
		<card_id>4184</card_id>
		<resource card_id="790" number="2"/>
	</fusion_recipe>
	<fusion_recipe>
		<card_id>867</card_id>
		<resource card_id="838" number="2"/>
	</fusion_recipe>
	<fusion_recipe>
		<card_id>4190</card_id>
		<resource card_id="872" number="2"/>
	</fusion_recipe>
	<fusion_recipe>
		<card_id>2251</card_id>
		<resource card_id="2079" number="2"/>
	</fusion_recipe>
	<fusion_recipe>
		<card_id>2257</card_id>
		<resource card_id="2256" number="2"/>
	</fusion_recipe>
	<fusion_recipe>
		<card_id>4284</card_id>
		<resource card_id="584" number="2"/>
	</fusion_recipe>
	<fusion_recipe>
		<card_id>979</card_id>
		<resource card_id="978" number="2"/>
	</fusion_recipe>
	<fusion_recipe>
		<card_id>2269</card_id>
		<resource card_id="2268" number="2"/>
	</fusion_recipe>
	<fusion_recipe>
		<card_id>2275</card_id>
		<resource card_id="2274" number="2"/>
	</fusion_recipe>
	<fusion_recipe>
		<card_id>4296</card_id>
		<resource card_id="4295" number="2"/>
	</fusion_recipe>
	<fusion_recipe>
		<card_id>4302</card_id>
		<resource card_id="4301" number="2"/>
	</fusion_recipe>
	<fusion_recipe>
		<card_id>4314</card_id>
		<resource card_id="4313" number="2"/>
	</fusion_recipe>
	<fusion_recipe>
		<card_id>4320</card_id>
		<resource card_id="4319" number="2"/>
	</fusion_recipe>
	<fusion_recipe>
		<card_id>855</card_id>
		<resource card_id="826" number="2"/>
	</fusion_recipe>
	<fusion_recipe>
		<card_id>4334</card_id>
		<resource card_id="860" number="2"/>
	</fusion_recipe>
	<fusion_recipe>
		<card_id>767</card_id>
		<resource card_id="665" number="2"/>
	</fusion_recipe>
	<fusion_recipe>
		<card_id>4340</card_id>
		<resource card_id="772" number="2"/>
	</fusion_recipe>
	<fusion_recipe>
		<card_id>2197</card_id>
		<resource card_id="2132" number="2"/>
	</fusion_recipe>
	<fusion_recipe>
		<card_id>2281</card_id>
		<resource card_id="2202" number="2"/>
	</fusion_recipe>
	<fusion_recipe>
		<card_id>4346</card_id>
		<resource card_id="537" number="2"/>
	</fusion_recipe>
	<fusion_recipe>
		<card_id>4352</card_id>
		<resource card_id="4351" number="2"/>
	</fusion_recipe>
	<fusion_recipe>
		<card_id>4358</card_id>
		<resource card_id="343" number="2"/>
	</fusion_recipe>
	<fusion_recipe>
		<card_id>4364</card_id>
		<resource card_id="4363" number="2"/>
	</fusion_recipe>
	<fusion_recipe>
		<card_id>861</card_id>
		<resource card_id="832" number="2"/>
	</fusion_recipe>
	<fusion_recipe>
		<card_id>4370</card_id>
		<resource card_id="866" number="2"/>
	</fusion_recipe>
	<fusion_recipe>
		<card_id>937</card_id>
		<resource card_id="397" number="2"/>
	</fusion_recipe>
	<fusion_recipe>
		<card_id>4376</card_id>
		<resource card_id="942" number="2"/>
	</fusion_recipe>
	<fusion_recipe>
		<card_id>992</card_id>
		<resource card_id="991" number="2"/>
	</fusion_recipe>
	
	<fusion_recipe>
		<card_id>879</card_id>
		<resource card_id="760" number="2"/>
	</fusion_recipe>
	
	<!-- END Event Fusions -->
	
	<fusion_recipe>
		<card_id>428</card_id>
		<resource card_id="355" number="1"/>
		<resource card_id="14" number="1"/>
	</fusion_recipe>
	<fusion_recipe>
		<card_id>431</card_id>
		<resource card_id="357" number="1"/>
		<resource card_id="37" number="1"/>
	</fusion_recipe>
	<fusion_recipe>
		<card_id>434</card_id>
		<resource card_id="69" number="1"/>
		<resource card_id="363" number="1"/>
		<resource card_id="174" number="1"/>
	</fusion_recipe>
	<fusion_recipe>
		<card_id>437</card_id>
		<resource card_id="373" number="2"/>
	</fusion_recipe>
	<fusion_recipe>
		<card_id>2110</card_id>
		<resource card_id="85" number="1"/>
		<resource card_id="2033" number="1"/>
	</fusion_recipe>
	<fusion_recipe>
		<card_id>440</card_id>
		<resource card_id="151" number="1"/>
		<resource card_id="141" number="1"/>
		<resource card_id="377" number="1"/>
	</fusion_recipe>
	
	<fusion_recipe>
		<card_id>4436</card_id>
		<resource card_id="19" number="2"/>
	</fusion_recipe>
	<fusion_recipe>
		<card_id>4441</card_id>
		<resource card_id="4439" number="2"/>
	</fusion_recipe>
	<fusion_recipe>
		<card_id>4445</card_id>
		<resource card_id="52" number="2"/>
	</fusion_recipe>
	<fusion_recipe>
		<card_id>4449</card_id>
		<resource card_id="4448" number="2"/>
	</fusion_recipe>
	<fusion_recipe>
		<card_id>4453</card_id>
		<resource card_id="85" number="2"/>
	</fusion_recipe>
	<fusion_recipe>
		<card_id>4457</card_id>
		<resource card_id="4456" number="2"/>
	</fusion_recipe>
	<fusion_recipe>
		<card_id>4461</card_id>
		<resource card_id="118" number="2"/>
	</fusion_recipe>
	<fusion_recipe>
		<card_id>4465</card_id>
		<resource card_id="4464" number="2"/>
	</fusion_recipe>
	<fusion_recipe>
		<card_id>4469</card_id>
		<resource card_id="151" number="2"/>
	</fusion_recipe>
	<fusion_recipe>
		<card_id>4473</card_id>
		<resource card_id="4472" number="2"/>
	</fusion_recipe>
	<fusion_recipe>
		<card_id>5050</card_id>
		<resource card_id="235" number="2"/>
	</fusion_recipe>
	<fusion_recipe>
		<card_id>5056</card_id>
		<resource card_id="5055" number="2"/>
	</fusion_recipe>
	<fusion_recipe>
		<card_id>5014</card_id>
		<resource card_id="527" number="2"/>
	</fusion_recipe>
	<fusion_recipe>
		<card_id>5020</card_id>
		<resource card_id="5019" number="2"/>
	</fusion_recipe>
	<fusion_recipe>
		<card_id>5026</card_id>
		<resource card_id="549" number="2"/>
	</fusion_recipe>
	<fusion_recipe>
		<card_id>5032</card_id>
		<resource card_id="5031" number="2"/>
	</fusion_recipe>
	<fusion_recipe>
		<card_id>5038</card_id>
		<resource card_id="253" number="2"/>
	</fusion_recipe>
	<fusion_recipe>
		<card_id>5044</card_id>
		<resource card_id="5043" number="2"/>
	</fusion_recipe>
	<fusion_recipe>
		<card_id>5062</card_id>
		<resource card_id="241" number="2"/>
	</fusion_recipe>
	<fusion_recipe>
		<card_id>5068</card_id>
		<resource card_id="5067" number="2"/>
	</fusion_recipe>
	<fusion_recipe>
		<card_id>444</card_id>
		<resource card_id="25" number="1"/>
		<resource card_id="19" number="1"/>
		<resource card_id="168" number="1"/>
	</fusion_recipe>
	<fusion_recipe>
		<card_id>4561</card_id>
		<resource card_id="449" number="2"/>
	</fusion_recipe>
	<fusion_recipe>
		<card_id>450</card_id>
		<resource card_id="58" number="1"/>
		<resource card_id="52" number="2"/>
	</fusion_recipe>
	<fusion_recipe>
		<card_id>4567</card_id>
		<resource card_id="455" number="2"/>
	</fusion_recipe>
	<fusion_recipe>
		<card_id>462</card_id>
		<resource card_id="124" number="1"/>
		<resource card_id="193" number="1"/>
	</fusion_recipe>
	<fusion_recipe>
		<card_id>4772</card_id>
		<resource card_id="467" number="2"/>
	</fusion_recipe>
	<fusion_recipe>
		<card_id>468</card_id>
		<resource card_id="157" number="1"/>
		<resource card_id="151" number="2"/>
	</fusion_recipe>
	<fusion_recipe>
		<card_id>4778</card_id>
		<resource card_id="473" number="2"/>
	</fusion_recipe>
	<fusion_recipe>
		<card_id>422</card_id>
		<resource card_id="186" number="1"/>
		<resource card_id="91" number="1"/>
		<resource card_id="85" number="1"/>
	</fusion_recipe>
	<fusion_recipe>
		<card_id>4555</card_id>
		<resource card_id="427" number="2"/>
	</fusion_recipe>
	<fusion_recipe>
		<card_id>709</card_id>
		<resource card_id="223" number="2"/>
	</fusion_recipe>
	<fusion_recipe>
		<card_id>4226</card_id>
		<resource card_id="714" number="2"/>
	</fusion_recipe>
	<fusion_recipe>
		<card_id>715</card_id>
		<resource card_id="58" number="2"/>
	</fusion_recipe>
	<fusion_recipe>
		<card_id>4232</card_id>
		<resource card_id="720" number="2"/>
	</fusion_recipe>
	<fusion_recipe>
		<card_id>721</card_id>
		<resource card_id="91" number="2"/>
	</fusion_recipe>
	<fusion_recipe>
		<card_id>4238</card_id>
		<resource card_id="726" number="2"/>
	</fusion_recipe>
	<fusion_recipe>
		<card_id>727</card_id>
		<resource card_id="124" number="2"/>
	</fusion_recipe>
	<fusion_recipe>
		<card_id>4244</card_id>
		<resource card_id="732" number="2"/>
	</fusion_recipe>
	<fusion_recipe>
		<card_id>733</card_id>
		<resource card_id="491" number="2"/>
	</fusion_recipe>
	<fusion_recipe>
		<card_id>4250</card_id>
		<resource card_id="738" number="2"/>
	</fusion_recipe>
	<fusion_recipe>
		<card_id>2149</card_id>
		<resource card_id="2053" number="2"/>
	</fusion_recipe>
	<fusion_recipe>
		<card_id>2307</card_id>
		<resource card_id="2154" number="2"/>
	</fusion_recipe>
	<fusion_recipe>
		<card_id>2155</card_id>
		<resource card_id="2047" number="2"/>
	</fusion_recipe>
	<fusion_recipe>
		<card_id>2301</card_id>
		<resource card_id="2160" number="2"/>
	</fusion_recipe>
	<fusion_recipe>
		<card_id>2161</card_id>
		<resource card_id="2073" number="2"/>
	</fusion_recipe>
	<fusion_recipe>
		<card_id>2319</card_id>
		<resource card_id="2166" number="2"/>
	</fusion_recipe>
	<fusion_recipe>
		<card_id>2167</card_id>
		<resource card_id="2109" number="2"/>
	</fusion_recipe>
	<fusion_recipe>
		<card_id>2325</card_id>
		<resource card_id="2172" number="2"/>
	</fusion_recipe>
	<fusion_recipe>
		<card_id>2173</card_id>
		<resource card_id="2067" number="2"/>
	</fusion_recipe>
	<fusion_recipe>
		<card_id>2313</card_id>
		<resource card_id="2178" number="2"/>
	</fusion_recipe>
	<fusion_recipe>
		<card_id>4477</card_id>
		<resource card_id="25" number="2"/>
	</fusion_recipe>
	<fusion_recipe>
		<card_id>4483</card_id>
		<resource card_id="4482" number="2"/>
	</fusion_recipe>
	<fusion_recipe>
		<card_id>4501</card_id>
		<resource card_id="186" number="2"/>
	</fusion_recipe>
	<fusion_recipe>
		<card_id>4507</card_id>
		<resource card_id="4506" number="2"/>
	</fusion_recipe>
	<fusion_recipe>
		<card_id>4525</card_id>
		<resource card_id="157" number="2"/>
	</fusion_recipe>
	<fusion_recipe>
		<card_id>4531</card_id>
		<resource card_id="4530" number="2"/>
	</fusion_recipe>
	<fusion_recipe>
		<card_id>4489</card_id>
		<resource card_id="259" number="2"/>
	</fusion_recipe>
	<fusion_recipe>
		<card_id>4495</card_id>
		<resource card_id="4494" number="2"/>
	</fusion_recipe>
	<fusion_recipe>
		<card_id>4513</card_id>
		<resource card_id="193" number="2"/>
	</fusion_recipe>
	<fusion_recipe>
		<card_id>4519</card_id>
		<resource card_id="4518" number="2"/>
	</fusion_recipe>
	<fusion_recipe>
		<card_id>474</card_id>
		<resource card_id="31" number="1"/>
		<resource card_id="25" number="1"/>
		<resource card_id="19" number="1"/>
	</fusion_recipe>
	<fusion_recipe>
		<card_id>4537</card_id>
		<resource card_id="479" number="2"/>
	</fusion_recipe>
	<fusion_recipe>
		<card_id>480</card_id>
		<resource card_id="163" number="1"/>
		<resource card_id="157" number="1"/>
		<resource card_id="151" number="1"/>
	</fusion_recipe>
	<fusion_recipe>
		<card_id>4549</card_id>
		<resource card_id="485" number="2"/>
	</fusion_recipe>
	<fusion_recipe>
		<card_id>456</card_id>
		<resource card_id="64" number="1"/>
		<resource card_id="58" number="1"/>
		<resource card_id="52" number="1"/>
	</fusion_recipe>
	<fusion_recipe>
		<card_id>4543</card_id>
		<resource card_id="461" number="2"/>
	</fusion_recipe>
	
	<!-- New Fusion Cards -->
	<fusion_recipe>
		<card_id>679</card_id>
		<resource card_id="31" number="2"/>
	</fusion_recipe>
	<fusion_recipe>
		<card_id>4196</card_id>
		<resource card_id="684" number="2"/>
	</fusion_recipe>
	<fusion_recipe>
		<card_id>685</card_id>
		<resource card_id="64" number="2"/>
	</fusion_recipe>
	<fusion_recipe>
		<card_id>4202</card_id>
		<resource card_id="690" number="2"/>
	</fusion_recipe>
	<fusion_recipe>
		<card_id>691</card_id>
		<resource card_id="97" number="2"/>
	</fusion_recipe>
	<fusion_recipe>
		<card_id>4208</card_id>
		<resource card_id="696" number="2"/>
	</fusion_recipe>
	<fusion_recipe>
		<card_id>697</card_id>
		<resource card_id="130" number="2"/>
	</fusion_recipe>
	<fusion_recipe>
		<card_id>4214</card_id>
		<resource card_id="702" number="2"/>
	</fusion_recipe>
	<fusion_recipe>
		<card_id>703</card_id>
		<resource card_id="163" number="2"/>
	</fusion_recipe>
	<fusion_recipe>
		<card_id>4220</card_id>
		<resource card_id="708" number="2"/>
	</fusion_recipe>
	
	
	<!-- END New Fusion Cards -->
	
</root>